domain,company,total_results,ai_signal_hits,signal_snippets,status,score,reasons,score_normalized,tier,rank,intelligence_brief
together.ai,Together,9,8,[Advice] Is Data Engineering a Safe Career Choice in ... | Principal AI /Machine Learning Data Engineer - Remote or ...,✅,86,Heavy AI hiring activity (8/9 signals) | High web presence — active company | Very high number of AI engineering signals,100.0,🔴 HOT,1,"Together.ai is developing innovative AI-driven solutions, leveraging their strong focus on engineering talent and high web presence to create advanced applications in automation and machine learning. Given their heavy AI hiring and emphasis on real-time responsiveness, they will require Crustdata's real-time data API to integrate and enhance their AI systems with fresh, accurate data inputs for optimal performance. For the best outreach angle, Crustdata's sales team should emphasize how our APIs can provide the real-time data necessary to fuel their AI models, thereby accelerating their development cycle and improving their competitive edge in the fast-evolving AI landscape."
cohere.com,Cohere,9,7,"Cohere hiring Data Engineer in New York, NY | Data Engineer, Cohere",✅,81,Heavy AI hiring activity (7/9 signals) | High web presence — active company | Very high number of AI engineering signals,94.2,🔴 HOT,2,"Cohere.com is developing advanced natural language processing solutions powered by AI, evident from their high AI hiring activity and strong online presence. To optimize their machine learning models and enhance real-time data processing capabilities, they will need Crustdata's real-time data APIs to access vast and timely datasets. The best outreach angle for Crustdata's sales team is to emphasize how our APIs can significantly improve the accuracy and efficiency of Cohere's AI-driven applications, thereby accelerating their product development cycle."
mistral.ai,Mistral,9,7,"Mistral AI - Data Engineer | Data Engineer, Mistral AI",✅,81,Heavy AI hiring activity (7/9 signals) | High web presence — active company | Very high number of AI engineering signals,94.2,🔴 HOT,3,"Mistral.ai is developing advanced AI solutions, likely focusing on machine learning and data processing capabilities, as indicated by their high AI hiring activity and engineering signals. They will require Crustdata's real-time data APIs to enhance their AI models with up-to-date information, enabling more accurate predictions and responses in their applications. The best outreach angle for Crustdata's sales team is to emphasize how their APIs can provide the critical data infrastructure needed to support Mistral.ai's rapid innovation and scalability in AI development."
adept.ai,Adept,9,7,"New Grad Data Engineer Jobs in Monroe, NY (NOW HIRING) | How AI will disrupt data engineering as we know it",✅,81,Heavy AI hiring activity (7/9 signals) | High web presence — active company | Very high number of AI engineering signals,94.2,🔴 HOT,4,"Adept.ai is developing advanced AI-driven solutions, likely focused on enhancing automation and decision-making processes, as indicated by their heavy hiring in AI engineering and strong web presence. To successfully deploy their innovations and maintain a competitive edge, they will require Crustdata's real-time data APIs to provide the dynamic data insights necessary for training and optimizing their AI models. The best outreach angle for Crustdata's sales team would be to emphasize the scalability and responsiveness of their data APIs, which can seamlessly integrate with Adept.ai's AI frameworks to enhance accuracy and performance in real-world applications."
langchain.com,Langchain,9,5,"Ai Engineer Langchain Jobs, Employment | **What candidates are saying about trying to land an AI job ",✅,62,Heavy AI hiring activity (5/9 signals) | High web presence — active company | Strong AI engineering signal count,72.1,🔴 HOT,5,"Langchain.com is developing robust solutions for AI-driven applications, leveraging their strong engineering capabilities to enhance real-time decision-making and data handling for AI agents. Their active hiring signals and significant web presence indicate a growing need for reliable, real-time data APIs to power their innovations and optimize their AI frameworks. Crustdata's sales team should highlight the integration of our data solutions to enhance Langchain's AI application performance, emphasizing scalability and speed as key factors in their development process."
llamaindex.ai,Llamaindex,10,5,8 Llamaindex jobs | LlamaIndex,✅,60,Moderate AI hiring activity (5/10 signals) | High web presence — active company | Strong AI engineering signal count,69.8,🟡 WARM,6,"Llamaindex.ai is developing innovative AI solutions, likely focused on enhancing data indexing and retrieval processes, as indicated by their active online presence and moderate AI hiring activity. To optimize their offerings and deliver timely insights, they will benefit from Crustdata's real-time data APIs, which can provide essential, up-to-the-minute information for their AI agents and applications. The best outreach angle for Crustdata's sales team would be to highlight how their APIs can improve Llamaindex's data processing capabilities, ultimately driving better performance and user satisfaction in their AI solutions."
fixie.ai,Fixie,10,5,"Farzad Abdolhosseini - Machine Learning Engineer | Senior Data Engineer Jobs, Employment in Houston, TX",✅,60,Moderate AI hiring activity (5/10 signals) | High web presence — active company | Strong AI engineering signal count,69.8,🟡 WARM,7,"Fixie.ai is building AI-driven solutions that leverage real-time data to enhance user interactions and decision-making processes, as indicated by their moderate hiring activity and strong engineering focus. They will require Crustdata's real-time data API to optimize their AI models with timely and relevant information, ensuring their applications can deliver accurate insights and maintain a competitive edge in the market. A compelling outreach angle for Crustdata's sales team would be to highlight how our APIs can seamlessly integrate with Fixie's architecture, significantly improving the performance and responsiveness of their AI solutions."
scale.ai,Scale,10,3,"Software Engineer, AI/ML (Infrastructure & Platform) | [Advice] Is Data Engineering a Safe Career Choice in ...",✅,42,High web presence — active company | Some AI engineering signals detected,48.8,🟡 WARM,8,"Scale.ai is developing advanced data management solutions tailored for AI applications, evidenced by their significant web presence and active engagement in AI engineering. To enhance their offerings and improve the accuracy of their AI models, Scale.ai will require Crustdata's real-time data API, which can provide timely and relevant data insights crucial for their operational excellence. The best outreach angle for Crustdata's sales team is to emphasize how their API can optimize Scale.ai's data collection processes, enabling more efficient training and deployment of AI models."
perplexity.ai,Perplexity,10,3,Software Engineer - Data Visualization - Perplexity | Analytics Engineer - SF Job,✅,42,High web presence — active company | Some AI engineering signals detected,48.8,🟡 WARM,9,"Perplexity.ai is developing advanced AI solutions that leverage their strong web presence to enhance user engagement and data-driven insights. They would benefit from Crustdata's real-time data API to access up-to-date information that can fuel their AI models, improve accuracy, and drive more informed decision-making for their clients. The ideal outreach angle for Crustdata's sales team is to emphasize how our API can enhance their existing AI capabilities by providing seamless access to real-time data, thereby directly supporting their growth in the competitive AI landscape."
anyscale.com,Anyscale,10,1,Components of an Open Source AI Compute Tech Stack,✅,24,High web presence — active company,27.9,🟢 COLD,10,"Anyscale.com is developing a scalable platform for building and deploying AI applications, likely focusing on simplifying the complexities of distributed computing for AI developers. As they aim to enhance their offerings, real-time data APIs from Crustdata can provide essential, up-to-date information, improving the responsiveness and adaptability of their AI solutions. The best outreach angle for Crustdata's sales team is to emphasize how our APIs can seamlessly integrate with their platform, enhancing data accessibility and real-time decision-making capabilities for their AI clients."
